Commit on Wed Mar  5 21:13:16 UTC 2025
Commit on Wed Mar  5 21:18:38 UTC 2025
Commit on Thu Mar  6 01:15:29 UTC 2025
Commit on Fri Mar  7 01:16:06 UTC 2025
Commit on Sat Mar  8 01:00:27 UTC 2025
Commit on Sun Mar  9 01:05:44 UTC 2025
Commit on Mon Mar 10 01:03:57 UTC 2025
Commit on Tue Mar 11 01:16:04 UTC 2025
Commit on Wed Mar 12 01:15:10 UTC 2025
Commit on Thu Mar 13 01:16:37 UTC 2025
Commit on Fri Mar 14 01:15:05 UTC 2025
Commit on Sat Mar 15 01:14:42 UTC 2025
Commit on Sun Mar 16 01:21:07 UTC 2025
Commit on Mon Mar 17 01:18:29 UTC 2025
Commit on Tue Mar 18 01:16:25 UTC 2025
Commit on Wed Mar 19 01:17:02 UTC 2025
Commit on Thu Mar 20 01:15:53 UTC 2025
Commit on Fri Mar 21 01:17:24 UTC 2025
Commit on Sat Mar 22 01:15:32 UTC 2025
Commit on Sun Mar 23 01:21:53 UTC 2025
Commit on Mon Mar 24 01:19:16 UTC 2025
Commit on Tue Mar 25 01:18:02 UTC 2025
Commit on Wed Mar 26 01:17:33 UTC 2025
Commit on Thu Mar 27 01:17:00 UTC 2025
Commit on Fri Mar 28 01:17:14 UTC 2025
Commit on Sat Mar 29 01:16:29 UTC 2025
Commit on Sun Mar 30 01:23:32 UTC 2025
Commit on Mon Mar 31 01:21:26 UTC 2025
Commit on Tue Apr  1 01:26:38 UTC 2025
Commit on Wed Apr  2 01:19:08 UTC 2025
Commit on Thu Apr  3 01:17:46 UTC 2025
Commit on Fri Apr  4 01:17:43 UTC 2025
Commit on Sat Apr  5 01:16:41 UTC 2025
Commit on Sun Apr  6 01:22:37 UTC 2025
Commit on Mon Apr  7 01:20:19 UTC 2025
Commit on Tue Apr  8 01:18:20 UTC 2025
Commit on Wed Apr  9 01:18:29 UTC 2025
Commit on Thu Apr 10 01:18:16 UTC 2025
Commit on Fri Apr 11 01:18:49 UTC 2025
Commit on Sat Apr 12 01:17:02 UTC 2025
Commit on Sun Apr 13 02:46:06 UTC 2025
Commit on Mon Apr 14 01:21:34 UTC 2025
Commit on Tue Apr 15 01:20:47 UTC 2025
Commit on Wed Apr 16 01:20:26 UTC 2025
Commit on Thu Apr 17 01:19:20 UTC 2025
Commit on Fri Apr 18 01:18:43 UTC 2025
Commit on Sat Apr 19 01:16:33 UTC 2025
Commit on Sun Apr 20 01:24:39 UTC 2025
Commit on Mon Apr 21 01:23:14 UTC 2025
Commit on Tue Apr 22 01:19:48 UTC 2025
Commit on Wed Apr 23 01:20:05 UTC 2025
Commit on Thu Apr 24 01:20:13 UTC 2025
Commit on Fri Apr 25 01:20:54 UTC 2025
Commit on Sat Apr 26 01:17:56 UTC 2025
Commit on Sun Apr 27 01:25:04 UTC 2025
Commit on Mon Apr 28 01:22:39 UTC 2025
Commit on Tue Apr 29 01:20:50 UTC 2025
Commit on Wed Apr 30 01:21:00 UTC 2025
Commit on Thu May  1 01:27:47 UTC 2025
Commit on Fri May  2 01:21:17 UTC 2025
Commit on Sat May  3 01:19:28 UTC 2025
Commit on Sun May  4 01:36:29 UTC 2025
Commit on Mon May  5 01:24:33 UTC 2025
Commit on Tue May  6 01:21:42 UTC 2025
Commit on Wed May  7 01:22:21 UTC 2025
Commit on Thu May  8 01:22:45 UTC 2025
Commit on Fri May  9 01:22:05 UTC 2025
Commit on Sat May 10 01:19:29 UTC 2025
Commit on Sun May 11 01:27:18 UTC 2025
Commit on Mon May 12 01:25:11 UTC 2025
Commit on Tue May 13 01:23:35 UTC 2025
Commit on Wed May 14 01:22:10 UTC 2025
Commit on Thu May 15 01:20:26 UTC 2025
Commit on Fri May 16 01:23:31 UTC 2025
Commit on Sat May 17 01:21:21 UTC 2025
Commit on Sun May 18 01:35:56 UTC 2025
Commit on Mon May 19 01:26:34 UTC 2025
Commit on Tue May 20 01:24:12 UTC 2025
Commit on Wed May 21 01:23:54 UTC 2025
Commit on Thu May 22 01:23:11 UTC 2025
Commit on Fri May 23 01:23:13 UTC 2025
Commit on Sat May 24 01:20:30 UTC 2025
Commit on Sun May 25 01:38:02 UTC 2025
Commit on Mon May 26 01:25:17 UTC 2025
Commit on Tue May 27 01:22:30 UTC 2025
Commit on Wed May 28 01:24:04 UTC 2025
Commit on Thu May 29 01:23:50 UTC 2025
Commit on Fri May 30 01:21:46 UTC 2025
Commit on Sat May 31 01:21:47 UTC 2025
Commit on Sun Jun  1 01:47:14 UTC 2025
Commit on Mon Jun  2 01:27:16 UTC 2025
Commit on Tue Jun  3 01:25:08 UTC 2025
Commit on Wed Jun  4 01:25:08 UTC 2025
Commit on Thu Jun  5 01:24:01 UTC 2025
Commit on Fri Jun  6 01:23:50 UTC 2025
Commit on Sat Jun  7 01:23:27 UTC 2025
Commit on Sun Jun  8 01:39:59 UTC 2025
Commit on Mon Jun  9 01:37:55 UTC 2025
Commit on Tue Jun 10 01:26:02 UTC 2025
Commit on Wed Jun 11 01:25:45 UTC 2025
Commit on Thu Jun 12 01:24:23 UTC 2025
Commit on Fri Jun 13 01:25:27 UTC 2025
Commit on Sat Jun 14 01:22:25 UTC 2025
Commit on Sun Jun 15 01:41:48 UTC 2025
Commit on Mon Jun 16 01:27:54 UTC 2025
Commit on Tue Jun 17 01:25:45 UTC 2025
Commit on Wed Jun 18 01:25:06 UTC 2025
Commit on Thu Jun 19 01:25:46 UTC 2025
Commit on Fri Jun 20 01:24:58 UTC 2025
Commit on Sat Jun 21 01:24:11 UTC 2025
Commit on Sun Jun 22 01:41:10 UTC 2025
Commit on Mon Jun 23 01:39:47 UTC 2025
Commit on Tue Jun 24 01:26:08 UTC 2025
Commit on Wed Jun 25 01:26:34 UTC 2025
Commit on Thu Jun 26 01:25:26 UTC 2025
Commit on Fri Jun 27 01:26:23 UTC 2025
Commit on Sat Jun 28 01:23:28 UTC 2025
Commit on Sun Jun 29 01:43:02 UTC 2025
Commit on Mon Jun 30 01:39:31 UTC 2025
Commit on Tue Jul  1 01:44:33 UTC 2025
Commit on Wed Jul  2 01:26:08 UTC 2025
Commit on Thu Jul  3 01:26:09 UTC 2025
Commit on Fri Jul  4 01:25:47 UTC 2025
Commit on Sat Jul  5 01:23:02 UTC 2025
Commit on Sun Jul  6 01:41:45 UTC 2025
Commit on Mon Jul  7 01:39:50 UTC 2025
Commit on Tue Jul  8 01:26:43 UTC 2025
Commit on Wed Jul  9 01:27:38 UTC 2025
Commit on Thu Jul 10 01:27:38 UTC 2025
Commit on Fri Jul 11 01:37:30 UTC 2025
Commit on Sat Jul 12 01:38:57 UTC 2025
Commit on Sun Jul 13 01:45:41 UTC 2025
Commit on Mon Jul 14 01:41:59 UTC 2025
Commit on Tue Jul 15 01:42:23 UTC 2025
Commit on Wed Jul 16 01:39:04 UTC 2025
Commit on Thu Jul 17 01:39:58 UTC 2025
Commit on Fri Jul 18 01:40:42 UTC 2025
Commit on Sat Jul 19 01:27:37 UTC 2025
Commit on Sun Jul 20 01:47:09 UTC 2025
Commit on Mon Jul 21 01:45:00 UTC 2025
Commit on Tue Jul 22 01:40:08 UTC 2025
Commit on Wed Jul 23 01:41:03 UTC 2025
Commit on Thu Jul 24 01:40:15 UTC 2025
Commit on Fri Jul 25 01:39:55 UTC 2025
Commit on Sat Jul 26 01:37:05 UTC 2025
Commit on Sun Jul 27 01:47:56 UTC 2025
Commit on Mon Jul 28 01:46:21 UTC 2025
Commit on Tue Jul 29 01:51:34 UTC 2025
Commit on Wed Jul 30 01:42:27 UTC 2025
Commit on Thu Jul 31 01:41:49 UTC 2025
Commit on Fri Aug  1 01:51:28 UTC 2025
Commit on Sat Aug  2 01:37:15 UTC 2025
Commit on Sun Aug  3 01:49:26 UTC 2025
Commit on Mon Aug  4 01:49:45 UTC 2025
Commit on Tue Aug  5 01:44:47 UTC 2025
Commit on Wed Aug  6 01:43:03 UTC 2025
Commit on Thu Aug  7 01:43:13 UTC 2025
Commit on Fri Aug  8 01:42:42 UTC 2025
Commit on Sat Aug  9 01:25:46 UTC 2025
Commit on Sun Aug 10 01:46:15 UTC 2025
Commit on Mon Aug 11 01:43:15 UTC 2025
Commit on Tue Aug 12 01:24:52 UTC 2025
Commit on Wed Aug 13 01:26:26 UTC 2025
Commit on Thu Aug 14 01:26:38 UTC 2025
Commit on Fri Aug 15 01:27:22 UTC 2025
Commit on Sat Aug 16 01:23:03 UTC 2025
Commit on Sun Aug 17 01:40:46 UTC 2025
Commit on Mon Aug 18 01:41:16 UTC 2025
Commit on Tue Aug 19 01:23:10 UTC 2025
Commit on Wed Aug 20 01:21:13 UTC 2025
Commit on Thu Aug 21 01:20:17 UTC 2025
Commit on Fri Aug 22 01:20:48 UTC 2025
Commit on Sat Aug 23 01:18:23 UTC 2025
Commit on Sun Aug 24 01:37:14 UTC 2025
Commit on Mon Aug 25 01:24:17 UTC 2025
Commit on Tue Aug 26 01:21:59 UTC 2025
Commit on Wed Aug 27 01:19:22 UTC 2025
Commit on Thu Aug 28 01:18:49 UTC 2025
Commit on Fri Aug 29 01:19:00 UTC 2025
Commit on Sat Aug 30 01:15:13 UTC 2025
Commit on Sun Aug 31 01:23:46 UTC 2025
Commit on Mon Sep  1 01:39:36 UTC 2025
Commit on Tue Sep  2 01:20:00 UTC 2025
Commit on Wed Sep  3 01:15:28 UTC 2025
Commit on Thu Sep  4 01:15:20 UTC 2025
Commit on Fri Sep  5 01:17:02 UTC 2025
Commit on Sat Sep  6 01:15:03 UTC 2025
Commit on Sun Sep  7 01:22:19 UTC 2025
Commit on Mon Sep  8 01:21:09 UTC 2025
Commit on Tue Sep  9 01:18:18 UTC 2025
Commit on Wed Sep 10 01:15:57 UTC 2025
Commit on Thu Sep 11 01:17:57 UTC 2025
Commit on Fri Sep 12 01:14:51 UTC 2025
Commit on Sat Sep 13 01:11:41 UTC 2025
Commit on Sun Sep 14 01:21:45 UTC 2025
Commit on Mon Sep 15 01:22:03 UTC 2025
Commit on Tue Sep 16 01:15:56 UTC 2025
Commit on Wed Sep 17 01:15:48 UTC 2025
Commit on Thu Sep 18 01:15:44 UTC 2025
Commit on Fri Sep 19 01:17:56 UTC 2025
Commit on Sat Sep 20 01:14:21 UTC 2025
Commit on Sun Sep 21 01:23:58 UTC 2025
Commit on Mon Sep 22 01:23:04 UTC 2025
Commit on Tue Sep 23 01:16:46 UTC 2025
Commit on Wed Sep 24 01:17:10 UTC 2025
Commit on Thu Sep 25 01:17:42 UTC 2025
Commit on Fri Sep 26 01:17:28 UTC 2025
Commit on Sat Sep 27 01:14:16 UTC 2025
Commit on Sun Sep 28 01:24:48 UTC 2025
Commit on Mon Sep 29 01:19:24 UTC 2025
Commit on Tue Sep 30 01:18:27 UTC 2025
Commit on Wed Oct  1 01:25:49 UTC 2025
Commit on Thu Oct  2 01:15:54 UTC 2025
Commit on Fri Oct  3 01:15:42 UTC 2025
Commit on Sat Oct  4 01:13:32 UTC 2025
Commit on Sun Oct  5 01:23:59 UTC 2025
Commit on Mon Oct  6 01:18:06 UTC 2025
Commit on Tue Oct  7 01:16:52 UTC 2025
Commit on Wed Oct  8 01:16:46 UTC 2025
Commit on Thu Oct  9 01:17:31 UTC 2025
Commit on Fri Oct 10 01:17:44 UTC 2025
Commit on Sat Oct 11 01:14:44 UTC 2025
Commit on Sun Oct 12 01:21:11 UTC 2025
Commit on Mon Oct 13 01:22:34 UTC 2025
Commit on Tue Oct 14 01:17:29 UTC 2025
Commit on Wed Oct 15 01:19:44 UTC 2025
Commit on Thu Oct 16 01:18:56 UTC 2025
Commit on Fri Oct 17 01:18:55 UTC 2025
Commit on Sat Oct 18 01:14:48 UTC 2025
Commit on Sun Oct 19 01:27:30 UTC 2025
Commit on Mon Oct 20 01:24:46 UTC 2025
Commit on Tue Oct 21 01:21:00 UTC 2025
Commit on Wed Oct 22 01:22:25 UTC 2025
Commit on Thu Oct 23 01:20:27 UTC 2025
Commit on Fri Oct 24 01:16:40 UTC 2025
Commit on Sat Oct 25 01:17:52 UTC 2025
Commit on Sun Oct 26 01:25:18 UTC 2025
Commit on Mon Oct 27 01:26:53 UTC 2025
Commit on Tue Oct 28 01:19:20 UTC 2025
Commit on Wed Oct 29 01:24:44 UTC 2025
Commit on Thu Oct 30 01:24:06 UTC 2025
Commit on Fri Oct 31 01:21:37 UTC 2025
Commit on Sat Nov  1 01:25:50 UTC 2025
Commit on Sun Nov  2 01:26:43 UTC 2025
Commit on Mon Nov  3 01:25:22 UTC 2025
Commit on Tue Nov  4 01:22:09 UTC 2025
